#Date	Searchkey	searchvalue	newkey	newvalue	Objekts found	Changset-Nr	Errorlog
2010-09-27	addr:city	Frankfurt am Main - Germany	addr:city	Frankfurt			Suchausdruck nicht gefunden. Nichts weiter zu tun	
2010-09-27	addr:city	Frankfurt/M	addr:city	Frankfurt			Suchausdruck nicht gefunden. Nichts weiter zu tun	
2010-09-27	addr:city	Frankfurt/Main	addr:city	Frankfurt			Suchausdruck nicht gefunden. Nichts weiter zu tun	
2010-09-27	addr:city	Muenchen	addr:city	München			Suchausdruck nicht gefunden. Nichts weiter zu tun	
2010-09-27	addr:city	münchen	addr:city	München			Suchausdruck nicht gefunden. Nichts weiter zu tun	
2010-09-27	addr:city	Munchen	addr:city	München			Suchausdruck nicht gefunden. Nichts weiter zu tun	
2010-09-27	addr:city	munich	addr:city	München			Suchausdruck nicht gefunden. Nichts weiter zu tun	
2010-09-27	addr:city	Munich	addr:city	München			Suchausdruck nicht gefunden. Nichts weiter zu tun	
2010-09-27	addr:country	de	addr:country	DE			Suchausdruck nicht gefunden. Nichts weiter zu tun	
2010-09-27	addr:country	deutschland	addr:country	DE			Suchausdruck nicht gefunden. Nichts weiter zu tun	
2010-09-27	addr:country	Deutschland	addr:country	DE			Suchausdruck nicht gefunden. Nichts weiter zu tun	
2010-09-27	addr:country	Germany	addr:country	DE			Suchausdruck nicht gefunden. Nichts weiter zu tun	
2010-09-27	addr:interpolation	uneven	addr:interpolation	odd			Suchausdruck nicht gefunden. Nichts weiter zu tun	
2010-09-27	amanety	.*	amenity	*			Suchausdruck nicht gefunden. Nichts weiter zu tun	
2010-09-27	amanity	.*	amenity	*			Suchausdruck nicht gefunden. Nichts weiter zu tun	
2010-09-27	Amenity	.*	amenity	*	1	5891156	
2010-09-27	amenity	barbecue	amenity	bbq			Suchausdruck nicht gefunden. Nichts weiter zu tun	
2010-09-27	amenity	barbeque	amenity	bbq			Suchausdruck nicht gefunden. Nichts weiter zu tun	
2010-09-27	amenity	church	amenity	place_of_worship			Suchausdruck nicht gefunden. Nichts weiter zu tun	
2010-09-27	amenity	Church	amenity	place_of_worship			Suchausdruck nicht gefunden. Nichts weiter zu tun	
2010-09-27	amenity	church hall	amenity	church_hall			Suchausdruck nicht gefunden. Nichts weiter zu tun	
2010-09-27	amenity	grave yard	amenity	grave_yard			Suchausdruck nicht gefunden. Nichts weiter zu tun	
2010-09-27	amenity	grave-yard	amenity	grave_yard			Suchausdruck nicht gefunden. Nichts weiter zu tun	
2010-09-27	amenity	graveyard	amenity	grave_yard			Suchausdruck nicht gefunden. Nichts weiter zu tun	
2010-09-27	amenity	hotel	tourism	hotel	4	5891161	
2010-09-27	amenity	Hotel	tourism	hotel	1	5891164	
2010-09-27	amenity	Kindergarten	amenity	kindergarten			Suchausdruck nicht gefunden. Nichts weiter zu tun	
2010-09-27	amenity	market	amenity	marketplace			Suchausdruck nicht gefunden. Nichts weiter zu tun	
2010-09-27	amenity	Mosque	amenity	place_of_worship			Suchausdruck nicht gefunden. Nichts weiter zu tun	
2010-09-27	amenity	motel	tourism	motel			Suchausdruck nicht gefunden. Nichts weiter zu tun	
2010-09-27	amenity	nursing home	amenity	nursing_home			Suchausdruck nicht gefunden. Nichts weiter zu tun	
2010-09-27	amenity	place_of_worhship	amenity	place_of_worship			Suchausdruck nicht gefunden. Nichts weiter zu tun	
2010-09-27	amenity	place _of_worship	amenity	place_of_worship			Suchausdruck nicht gefunden. Nichts weiter zu tun	
2010-09-27	amenity	place_of _worship	amenity	place_of_worship			Suchausdruck nicht gefunden. Nichts weiter zu tun	
2010-09-27	amenity	postbox	amenity	post_box			Suchausdruck nicht gefunden. Nichts weiter zu tun	
2010-09-27	amenity	supermarket	shop	supermarket	10	5891173	
2010-09-27	bicycles	.*	bicycle	*			Suchausdruck nicht gefunden. Nichts weiter zu tun	
2010-09-27	bicylce	.*	bicycle	*			Suchausdruck nicht gefunden. Nichts weiter zu tun	
2010-09-27	bicyle	.*	bicycle	*			Suchausdruck nicht gefunden. Nichts weiter zu tun	
2010-09-27	maxspeed	20mph	maxspeed	20 mph			Suchausdruck nicht gefunden. Nichts weiter zu tun	
2010-09-27	maxspeed	30mph	maxspeed	30 mph			Suchausdruck nicht gefunden. Nichts weiter zu tun	
2010-09-27	maxspeed	40mph	maxspeed	40 mph			Suchausdruck nicht gefunden. Nichts weiter zu tun	
2010-09-27	maxspeed	50mph	maxspeed	50 mph			Suchausdruck nicht gefunden. Nichts weiter zu tun	
2010-09-27	maxspeed	60mph	maxspeed	60 mph			Suchausdruck nicht gefunden. Nichts weiter zu tun	
2010-09-27	max_speed	.*	maxspeed	*			Suchausdruck nicht gefunden. Nichts weiter zu tun	
2010-09-27	shop	animals	shop	pet			Suchausdruck nicht gefunden. Nichts weiter zu tun	
2010-09-27	shop	book	shop	books			Suchausdruck nicht gefunden. Nichts weiter zu tun	
2010-09-27	shop	car_dealer	shop	car			Suchausdruck nicht gefunden. Nichts weiter zu tun	
2010-09-27	shop	carpets	shop	carpet			Suchausdruck nicht gefunden. Nichts weiter zu tun	
2010-09-27	shop	cars	shop	car	1	5891177	
2010-09-27	shop	cell_phones	shop	mobile_phone			Suchausdruck nicht gefunden. Nichts weiter zu tun	
2010-09-27	shop	clothing	shop	clothes			Suchausdruck nicht gefunden. Nichts weiter zu tun	
2010-09-27	shop	delicatessen	shop	deli			Suchausdruck nicht gefunden. Nichts weiter zu tun	
2010-09-27	shop	flowers	shop	florist	3	5891178	
2010-09-27	shop	garden	shop	garden_centre 			Suchausdruck nicht gefunden. Nichts weiter zu tun	
2010-09-27	shop	gifts	shop	gift	2	5891179	
2010-09-27	shop	jeweller	shop	jewelry			Suchausdruck nicht gefunden. Nichts weiter zu tun	
2010-09-27	shop	jewellery	shop	jewelry			Suchausdruck nicht gefunden. Nichts weiter zu tun	
2010-09-27	shop	mobile	shop	mobile_phone			Suchausdruck nicht gefunden. Nichts weiter zu tun	
2010-09-27	shop	motorbike	shop	motorcycle			Suchausdruck nicht gefunden. Nichts weiter zu tun	
2010-09-27	shop	pets	shop	pet	1	5891184	
2010-09-27	shop	sex	shop	erotic	1	5891185	
2010-09-27	shop	shopping center	shop	mall			Suchausdruck nicht gefunden. Nichts weiter zu tun	
2010-09-27	shop	shopping_center	shop	mall			Suchausdruck nicht gefunden. Nichts weiter zu tun	
2010-09-27	shop	souvenir	shop	gift			Suchausdruck nicht gefunden. Nichts weiter zu tun	
2010-10-02 20:11:10	addr:city	Muenchen	addr:city	München	1	5938345	
2010-10-02 20:11:14	addr:city	münchen	addr:city	München	
		Suchausdruck nicht gefunden. Nichts weiter zu tun	
2010-10-02 20:13:15	addr:city	Munchen	addr:city	München			Suchausdruck nicht gefunden. Nichts weiter zu tun	
2010-10-02 20:13:17	addr:city	munich	addr:city	München			aborting, by	
2010-10-02 20:13:22	addr:city	Frankfurt am Main - Germany	addr:city	Frankfurt			Suchausdruck nicht gefunden. Nichts weiter zu tun	
2010-10-02 20:13:23	addr:city	Muenchen	addr:city	München	1	5938367	Nothig to change/changing didn't worked out.	
2010-10-02 20:13:25	addr:city	münchen	addr:city	München			Suchausdruck nicht gefunden. Nichts weiter zu tun	
2010-10-02 20:13:25	addr:city	Munchen	addr:city	München			Suchausdruck nicht gefunden. Nichts weiter zu tun	
2010-10-02 20:13:26	addr:city	munich	addr:city	München			Suchausdruck nicht gefunden. Nichts weiter zu tun	
2010-10-02 20:13:26	addr:city	Munich	addr:city	München	1	5938368	
2010-10-02 20:13:30	addr:country	de	addr:country	DE			Suchausdruck nicht gefunden. Nichts weiter zu tun	
2010-10-02 20:13:30	addr:country	deutschland	addr:country	DE			Suchausdruck nicht gefunden. Nichts weiter zu tun	
2010-10-02 20:13:31	addr:country	Deutschland	addr:country	DE			Suchausdruck nicht gefunden. Nichts weiter zu tun	
2010-10-02 20:13:32	addr:country	Germany	addr:country	DE			Suchausdruck nicht gefunden. Nichts weiter zu tun	
2010-10-02 20:13:32	addr:interpolation	uneven	addr:interpolation	odd			Suchausdruck nicht gefunden. Nichts weiter zu tun	
2010-10-02 20:13:33	amanety	.*	amenity	*			Suchausdruck nicht gefunden. Nichts weiter zu tun	
2010-10-02 20:13:34	amanity	.*	amenity	*			Suchausdruck nicht gefunden. Nichts weiter zu tun	
2010-10-02 20:13:34	Amenity	.*	amenity	*			Suchausdruck nicht gefunden. Nichts weiter zu tun	
2010-10-02 20:13:35	amenity	barbecue	amenity	bbq			Suchausdruck nicht gefunden. Nichts weiter zu tun	
2010-10-02 20:13:36	amenity	barbeque	amenity	bbq			Suchausdruck nicht gefunden. Nichts weiter zu tun	
2010-10-02 20:13:37	amenity	church	amenity	place_of_worship	1	5938370	
2010-10-02 20:13:39	amenity	Church	amenity	place_of_worship			Suchausdruck nicht gefunden. Nichts weiter zu tun	
2010-10-02 20:13:39	amenity	church hall	amenity	church_hall			Suchausdruck nicht gefunden. Nichts weiter zu tun	
2010-10-02 20:13:40	amenity	grave yard	amenity	grave_yard			Suchausdruck nicht gefunden. Nichts weiter zu tun	
2010-10-02 20:13:41	amenity	grave-yard	amenity	grave_yard			Suchausdruck nicht gefunden. Nichts weiter zu tun	
2010-10-02 20:13:42	amenity	graveyard	amenity	grave_yard			Suchausdruck nicht gefunden. Nichts weiter zu tun	
2010-10-02 20:13:44	amenity	hotel	tourism	hotel	2	5938371	
2010-10-02 20:13:47	amenity	Hotel	tourism	hotel			Suchausdruck nicht gefunden. Nichts weiter zu tun	
2010-10-02 20:13:47	amenity	Kindergarten	amenity	kindergarten	2	5938372	
2010-10-02 20:13:50	amenity	market	amenity	marketplace			Suchausdruck nicht gefunden. Nichts weiter zu tun	
2010-10-02 20:13:51	amenity	Mosque	amenity	place_of_worship			Suchausdruck nicht gefunden. Nichts weiter zu tun	
2010-10-02 20:13:51	amenity	motel	tourism	motel			Suchausdruck nicht gefunden. Nichts weiter zu tun	
2010-10-02 20:13:52	amenity	nursing home	amenity	nursing_home			Suchausdruck nicht gefunden. Nichts weiter zu tun	
2010-10-02 20:13:53	amenity	place_of_worhship	amenity	place_of_worship			Suchausdruck nicht gefunden. Nichts weiter zu tun	
2010-10-02 20:13:53	amenity	place _of_worship	amenity	place_of_worship			Suchausdruck nicht gefunden. Nichts weiter zu tun	
2010-10-02 20:13:54	amenity	place_of _worship	amenity	place_of_worship			Suchausdruck nicht gefunden. Nichts weiter zu tun	
2010-10-02 20:13:55	amenity	postbox	amenity	post_box			Suchausdruck nicht gefunden. Nichts weiter zu tun	
2010-10-02 20:13:55	amenity	supermarket	shop	supermarket	10	5938375	
2010-10-02 20:14:02	bicycles	.*	bicycle	*			Suchausdruck nicht gefunden. Nichts weiter zu tun	
2010-10-02 20:14:03	bicylce	.*	bicycle	*			Suchausdruck nicht gefunden. Nichts weiter zu tun	
2010-10-02 20:14:03	bicyle	.*	bicycle	*			Suchausdruck nicht gefunden. Nichts weiter zu tun	
2010-10-02 20:14:04	maxspeed	20mph	maxspeed	20 mph			Suchausdruck nicht gefunden. Nichts weiter zu tun	
2010-10-02 20:14:04	maxspeed	30mph	maxspeed	30 mph			Suchausdruck nicht gefunden. Nichts weiter zu tun	
2010-10-02 20:14:05	maxspeed	40mph	maxspeed	40 mph			Suchausdruck nicht gefunden. Nichts weiter zu tun	
2010-10-02 20:14:06	maxspeed	50mph	maxspeed	50 mph			Suchausdruck nicht gefunden. Nichts weiter zu tun	
2010-10-02 20:14:07	maxspeed	60mph	maxspeed	60 mph			Suchausdruck nicht gefunden. Nichts weiter zu tun	
2010-10-02 20:14:07	max_speed	.*	maxspeed	*			Suchausdruck nicht gefunden. Nichts weiter zu tun	
2010-10-02 20:14:08	name	Hypovereinsbank	name	HypoVereinsbank	58	5938378	
2010-10-02 20:15:00	name	HypovereinsBank	name	HypoVereinsbank	1	5938389	
2010-10-02 20:15:02	name	Hypo Vereinsbank	name	HypoVereinsbank	42	5938390	
2010-10-02 20:15:42	name	Hypo-Vereinsbank	name	HypoVereinsbank	11	5938396	
2010-10-02 20:15:56	operator	Hypovereinsbank	operator	HypoVereinsbank	30	5938399	
2010-10-02 20:16:25	operator	HypovereinsBank	operator	HypoVereinsbank	1	5938402	
2010-10-02 20:16:27	operator	Hypo Vereinsbank	operator	HypoVereinsbank	16	5938403	
2010-10-02 20:16:47	operator	Hypo-Vereinsbank	operator	HypoVereinsbank	7	5938406	
2010-10-02 20:17:02	shop	animals	shop	pet			Suchausdruck nicht gefunden. Nichts weiter zu tun	
2010-10-02 20:17:05	shop	book	shop	books			Suchausdruck nicht gefunden. Nichts weiter zu tun	
2010-10-02 20:17:11	shop	car_dealer	shop	car	1	5938408	
2010-10-02 20:17:17	shop	carpets	shop	carpet			Suchausdruck nicht gefunden. Nichts weiter zu tun	
2010-10-02 20:17:25	shop	cars	shop	car	1	5938409	
2010-10-02 20:17:32	shop	cell_phones	shop	mobile_phone			Suchausdruck nicht gefunden. Nichts weiter zu tun	
2010-10-02 20:17:40	shop	clothing	shop	clothes			Suchausdruck nicht gefunden. Nichts weiter zu tun	
2010-10-02 20:17:47	shop	delicatessen	shop	deli	1	5938413	
2010-10-02 20:17:51	shop	flowers	shop	florist			Suchausdruck nicht gefunden. Nichts weiter zu tun	
2010-10-02 20:17:51	shop	garden	shop	garden_centre 			Suchausdruck nicht gefunden. Nichts weiter zu tun	
2010-10-02 20:17:52	shop	gifts	shop	gift	4	5938414	
2010-10-02 20:17:56	shop	jeweller	shop	jewelry			Suchausdruck nicht gefunden. Nichts weiter zu tun	
2010-10-02 20:17:57	shop	jewellery	shop	jewelry			Suchausdruck nicht gefunden. Nichts weiter zu tun	
2010-10-02 20:18:00	shop	mobile	shop	mobile_phone			Suchausdruck nicht gefunden. Nichts weiter zu tun	
2010-10-02 20:18:01	shop	motorbike	shop	motorcycle			Suchausdruck nicht gefunden. Nichts weiter zu tun	
2010-10-02 20:18:01	shop	pets	shop	pet			Suchausdruck nicht gefunden. Nichts weiter zu tun	
2010-10-02 20:18:02	shop	sex	shop	erotic			Suchausdruck nicht gefunden. Nichts weiter zu tun	
2010-10-02 20:18:03	shop	shopping center	shop	mall			Suchausdruck nicht gefunden. Nichts weiter zu tun	
2010-10-02 20:18:04	shop	shopping_center	shop	mall			Suchausdruck nicht gefunden. Nichts weiter zu tun	
2010-10-02 20:18:04	shop	souvenir	shop	gift			Suchausdruck nicht gefunden. Nichts weiter zu tun	

2010-10-11 15:59:47	addr:city	Frankfurt am Main - Germany	addr:city	Frankfurt			Suchausdruck nicht gefunden. Nichts weiter zu tun	
2010-10-11 15:59:49	addr:city	Muenchen	addr:city	München			Suchausdruck nicht gefunden. Nichts weiter zu tun	
2010-10-11 15:59:50	addr:city	münchen	addr:city	München			Suchausdruck nicht gefunden. Nichts weiter zu tun	
2010-10-11 15:59:50	addr:city	Munchen	addr:city	München			Suchausdruck nicht gefunden. Nichts weiter zu tun	
2010-10-11 15:59:51	addr:city	munich	addr:city	München			Suchausdruck nicht gefunden. Nichts weiter zu tun	
2010-10-11 15:59:51	addr:city	Munich	addr:city	München			Suchausdruck nicht gefunden. Nichts weiter zu tun	
2010-10-11 15:59:52	addr:country	de	addr:country	DE			Suchausdruck nicht gefunden. Nichts weiter zu tun	
2010-10-11 15:59:53	addr:country	deutschland	addr:country	DE			Suchausdruck nicht gefunden. Nichts weiter zu tun	
2010-10-11 15:59:53	addr:country	Deutschland	addr:country	DE			Suchausdruck nicht gefunden. Nichts weiter zu tun	
2010-10-11 15:59:56	addr:country	Germany	addr:country	DE			Suchausdruck nicht gefunden. Nichts weiter zu tun	
2010-10-11 15:59:56	addr:interpolation	uneven	addr:interpolation	odd			Suchausdruck nicht gefunden. Nichts weiter zu tun	
2010-10-11 15:59:57	amanety	.*	amenity	*			Suchausdruck nicht gefunden. Nichts weiter zu tun	
2010-10-11 15:59:58	amanity	.*	amenity	*			Suchausdruck nicht gefunden. Nichts weiter zu tun	
2010-10-11 15:59:59	Amenity	.*	amenity	*			Suchausdruck nicht gefunden. Nichts weiter zu tun	
2010-10-11 15:59:59	amenity	barbecue	amenity	bbq			Suchausdruck nicht gefunden. Nichts weiter zu tun	
2010-10-11 16:00:00	amenity	barbeque	amenity	bbq			Suchausdruck nicht gefunden. Nichts weiter zu tun	
2010-10-11 16:00:01	amenity	church hall	amenity	church_hall			Suchausdruck nicht gefunden. Nichts weiter zu tun	
2010-10-11 16:00:01	amenity	grave yard	amenity	grave_yard			Suchausdruck nicht gefunden. Nichts weiter zu tun	
2010-10-11 16:00:02	amenity	grave-yard	amenity	grave_yard			Suchausdruck nicht gefunden. Nichts weiter zu tun	
2010-10-11 16:00:03	amenity	graveyard	amenity	grave_yard			Suchausdruck nicht gefunden. Nichts weiter zu tun	
2010-10-11 16:00:04	amenity	hotel	tourism	hotel	3	6011952	
2010-10-11 16:00:08	amenity	Hotel	tourism	hotel			Suchausdruck nicht gefunden. Nichts weiter zu tun	
2010-10-11 16:00:11	amenity	Kindergarten	amenity	kindergarten	3	6011954	
2010-10-11 16:00:15	amenity	market	amenity	marketplace	14	6011955	
2010-10-11 16:00:29	amenity	motel	tourism	motel			Suchausdruck nicht gefunden. Nichts weiter zu tun	
2010-10-11 16:00:29	amenity	nursing home	amenity	nursing_home			Suchausdruck nicht gefunden. Nichts weiter zu tun	
2010-10-11 16:00:30	amenity	place_of_worhship	amenity	place_of_worship			Suchausdruck nicht gefunden. Nichts weiter zu tun	
2010-10-11 16:00:31	amenity	place _of_worship	amenity	place_of_worship			Suchausdruck nicht gefunden. Nichts weiter zu tun	
2010-10-11 16:00:31	amenity	place_of _worship	amenity	place_of_worship			Suchausdruck nicht gefunden. Nichts weiter zu tun	
2010-10-11 16:00:32	amenity	postbox	amenity	post_box	1	6011958	
2010-10-11 16:00:34	amenity	supermarket	shop	supermarket	11	6011959	
2010-10-11 16:00:40	beer_garden	yes	biergarten	yes	36	6011961	
2010-10-11 16:01:22	beergarden	yes	biergarten	yes	19	6011967	
2010-10-11 16:01:41	bicycles	.*	bicycle	*			Suchausdruck nicht gefunden. Nichts weiter zu tun	
2010-10-11 16:01:42	bicylce	.*	bicycle	*			Suchausdruck nicht gefunden. Nichts weiter zu tun	
2010-10-11 16:01:43	bicyle	.*	bicycle	*			Suchausdruck nicht gefunden. Nichts weiter zu tun	
2010-10-11 16:01:43	Biergarten	yes	biergarten	yes			Suchausdruck nicht gefunden. Nichts weiter zu tun	
2010-10-11 16:01:44	brewery	Augustiner Bräu	brewery	Augustiner			Suchausdruck nicht gefunden. Nichts weiter zu tun	
2010-10-11 16:01:45	brewery	Augustiner-Bräu	brewery	Augustiner			Suchausdruck nicht gefunden. Nichts weiter zu tun	
2010-10-11 16:01:46	maxspeed	20mph	maxspeed	20 mph			Suchausdruck nicht gefunden. Nichts weiter zu tun	
2010-10-11 16:01:47	maxspeed	30mph	maxspeed	30 mph			Suchausdruck nicht gefunden. Nichts weiter zu tun	
2010-10-11 16:01:47	maxspeed	40mph	maxspeed	40 mph			Suchausdruck nicht gefunden. Nichts weiter zu tun	
2010-10-11 16:01:48	maxspeed	50mph	maxspeed	50 mph			Suchausdruck nicht gefunden. Nichts weiter zu tun	
2010-10-11 16:01:49	maxspeed	60mph	maxspeed	60 mph			Suchausdruck nicht gefunden. Nichts weiter zu tun	
2010-10-11 16:01:49	max_speed	.*	maxspeed	*			Suchausdruck nicht gefunden. Nichts weiter zu tun	
2010-10-11 16:01:50	name: en	.*	name:en	*			Suchausdruck nicht gefunden. Nichts weiter zu tun	
2010-10-11 16:01:51	name	Hypovereinsbank	name	HypoVereinsbank			Suchausdruck nicht gefunden. Nichts weiter zu tun	
2010-10-11 16:01:51	name	HypovereinsBank	name	HypoVereinsbank			Suchausdruck nicht gefunden. Nichts weiter zu tun	
2010-10-11 16:01:52	name	Hypo Vereinsbank	name	HypoVereinsbank			Suchausdruck nicht gefunden. Nichts weiter zu tun	
2010-10-11 16:01:52	name	Hypo-Vereinsbank	name	HypoVereinsbank			Suchausdruck nicht gefunden. Nichts weiter zu tun	
2010-10-11 16:01:53	name 	.*	name	*			Suchausdruck nicht gefunden. Nichts weiter zu tun	
2010-10-11 16:01:54	operator	Hypovereinsbank	operator	HypoVereinsbank			Suchausdruck nicht gefunden. Nichts weiter zu tun	
2010-10-11 16:01:54	operator	HypovereinsBank	operator	HypoVereinsbank			Suchausdruck nicht gefunden. Nichts weiter zu tun	
2010-10-11 16:01:55	operator	Hypo Vereinsbank	operator	HypoVereinsbank			Suchausdruck nicht gefunden. Nichts weiter zu tun	
2010-10-11 16:01:56	operator	Hypo-Vereinsbank	operator	HypoVereinsbank			Suchausdruck nicht gefunden. Nichts weiter zu tun	
2010-10-11 16:01:56	operator	McDonald	operator	McDonald's	3	6011974	
2010-10-11 16:02:00	operator	McDonalds	operator	McDonald's	5	6011975	
2010-10-11 16:02:05	Operator	.*	operator	*			Suchausdruck nicht gefunden. Nichts weiter zu tun	
2010-10-11 16:02:06	sex	Both	sex	unisex	9	6011976	
2010-10-11 16:02:15	sex	Female	sex	female	4	6011978	
2010-10-11 16:02:20	sex	Male	sex	male	30	6011979	
2010-10-11 16:02:50	sex	man	sex	male			Suchausdruck nicht gefunden. Nichts weiter zu tun	
2010-10-11 16:02:50	sex	women	sex	female	1	6011981	
2010-10-11 16:02:53	shop	animals	shop	pet			Suchausdruck nicht gefunden. Nichts weiter zu tun	
2010-10-11 16:02:53	shop	book	shop	books	2	6011982	
2010-10-11 16:02:58	shop	car_dealer	shop	car			Suchausdruck nicht gefunden. Nichts weiter zu tun	
2010-10-11 16:02:58	shop	carpets	shop	carpet	3	6011983	
2010-10-11 16:03:03	shop	cars	shop	car	1	6011985	
2010-10-11 16:03:05	shop	cell_phones	shop	mobile_phone			Suchausdruck nicht gefunden. Nichts weiter zu tun	
2010-10-11 16:03:07	shop	clothing	shop	clothes	7	6011987	
2010-10-11 16:03:17	shop	delicatessen	shop	deli			Suchausdruck nicht gefunden. Nichts weiter zu tun	
2010-10-11 16:03:18	shop	flowers	shop	florist	1	6011989	
2010-10-11 16:03:19	shop	garden	shop	garden_centre 			Suchausdruck nicht gefunden. Nichts weiter zu tun	
2010-10-11 16:03:20	shop	gifts	shop	gift	2	6011990	
2010-10-11 16:03:23	shop	jeweller	shop	jewelry			Suchausdruck nicht gefunden. Nichts weiter zu tun	
2010-10-11 16:03:24	shop	jewellery	shop	jewelry	2	6011991	
2010-10-11 16:03:26	shop	mobile	shop	mobile_phone			Suchausdruck nicht gefunden. Nichts weiter zu tun	
2010-10-11 16:03:27	shop	motorbike	shop	motorcycle			Suchausdruck nicht gefunden. Nichts weiter zu tun	
2010-10-11 16:03:28	shop	pets	shop	pet	2	6011992	
2010-10-11 16:03:31	shop	sex	shop	erotic	1	6011993	
2010-10-11 16:03:33	shop	shopping center	shop	mall			Suchausdruck nicht gefunden. Nichts weiter zu tun	
2010-10-11 16:03:33	shop	shopping_center	shop	mall			Suchausdruck nicht gefunden. Nichts weiter zu tun	
2010-10-12 13:18:44	biergarten	yes	beer_garden	yes	191	6019838	
2010-10-18 18:46:37	addr:city	Frankfurt am Main - Germany	addr:city	Frankfurt	
2010-10-18 18:46:45	addr:city	Frankfurt am Main - Germany	addr:city	Frankfurt			Suchausdruck nicht gefunden. Nichts weiter zu tun	
2010-10-18 18:46:46	addr:city	Muenchen	addr:city	München			Suchausdruck nicht gefunden. Nichts weiter zu tun	
2010-10-18 18:46:47	addr:city	münchen	addr:city	München			Suchausdruck nicht gefunden. Nichts weiter zu tun	
2010-10-18 18:46:49	addr:city	Munchen	addr:city	München			Suchausdruck nicht gefunden. Nichts weiter zu tun	
2010-10-18 18:46:50	addr:city	munich	addr:city	München			Suchausdruck nicht gefunden. Nichts weiter zu tun	
2010-10-18 18:46:51	addr:city	Munich	addr:city	München			Suchausdruck nicht gefunden. Nichts weiter zu tun	
2010-10-18 18:46:52	addr:country	de	addr:country	DE			Suchausdruck nicht gefunden. Nichts weiter zu tun	
2010-10-18 18:46:53	addr:country	deutschland	addr:country	DE			Suchausdruck nicht gefunden. Nichts weiter zu tun	
2010-10-18 18:46:53	addr:country	Deutschland	addr:country	DE			Suchausdruck nicht gefunden. Nichts weiter zu tun	
2010-10-18 18:46:55	addr:country	Germany	addr:country	DE			Suchausdruck nicht gefunden. Nichts weiter zu tun	
2010-10-18 18:46:56	addr:interpolation	uneven	addr:interpolation	odd			Suchausdruck nicht gefunden. Nichts weiter zu tun	
2010-10-18 18:46:57	amanety	.*	amenity	*			Suchausdruck nicht gefunden. Nichts weiter zu tun	
2010-10-18 18:46:58	amanity	.*	amenity	*			Suchausdruck nicht gefunden. Nichts weiter zu tun	
2010-10-18 18:46:59	Amenity	.*	amenity	*			Suchausdruck nicht gefunden. Nichts weiter zu tun	
2010-10-18 18:47:00	amenity	barbecue	amenity	bbq			Suchausdruck nicht gefunden. Nichts weiter zu tun	
2010-10-18 18:47:01	amenity	barbeque	amenity	bbq			Suchausdruck nicht gefunden. Nichts weiter zu tun	
2010-10-18 18:47:02	amenity	church hall	amenity	church_hall			Suchausdruck nicht gefunden. Nichts weiter zu tun	
2010-10-18 18:47:03	amenity	grave yard	amenity	grave_yard			Suchausdruck nicht gefunden. Nichts weiter zu tun	
2010-10-18 18:47:04	amenity	grave-yard	amenity	grave_yard			Suchausdruck nicht gefunden. Nichts weiter zu tun	
2010-10-18 18:47:05	amenity	graveyard	amenity	grave_yard	1	ate you	
2010-10-18 18:47:07	amenity	hotel	tourism	hotel	1	ate you	
2010-10-18 18:47:09	amenity	Hotel	tourism	hotel			Suchausdruck nicht gefunden. Nichts weiter zu tun	
2010-10-18 18:47:10	amenity	Kindergarten	amenity	kindergarten	2	ate you	
2010-10-18 18:47:13	amenity	motel	tourism	motel			Suchausdruck nicht gefunden. Nichts weiter zu tun	
2010-10-18 18:47:15	amenity	nursing home	amenity	nursing_home			Suchausdruck nicht gefunden. Nichts weiter zu tun	
2010-10-18 18:47:16	amenity	place_of_worhship	amenity	place_of_worship			Suchausdruck nicht gefunden. Nichts weiter zu tun	
2010-10-18 18:47:17	amenity	place _of_worship	amenity	place_of_worship			Suchausdruck nicht gefunden. Nichts weiter zu tun	
2010-10-18 18:47:18	amenity	place_of _worship	amenity	place_of_worship			Suchausdruck nicht gefunden. Nichts weiter zu tun	
2010-10-18 18:47:19	amenity	postbox	amenity	post_box			Suchausdruck nicht gefunden. Nichts weiter zu tun	
2010-10-18 18:47:20	amenity	supermarket	shop	supermarket	12	ate you	
2010-10-18 18:47:26	bicycles	.*	bicycle	*			Suchausdruck nicht gefunden. Nichts weiter zu tun	
2010-10-18 18:47:27	bicylce	.*	bicycle	*			Suchausdruck nicht gefunden. Nichts weiter zu tun	
2010-10-18 18:47:28	bicyle	.*	bicycle	*			Suchausdruck nicht gefunden. Nichts weiter zu tun	
2010-10-18 18:47:29	brewery	Augustiner Bräu	brewery	Augustiner			Suchausdruck nicht gefunden. Nichts weiter zu tun	
2010-10-18 18:47:30	brewery	Augustiner-Bräu	brewery	Augustiner			Suchausdruck nicht gefunden. Nichts weiter zu tun	
2010-10-18 18:47:31	maxspeed	20mph	maxspeed	20 mph			Suchausdruck nicht gefunden. Nichts weiter zu tun	
2010-10-18 18:47:33	maxspeed	30mph	maxspeed	30 mph			Suchausdruck nicht gefunden. Nichts weiter zu tun	
2010-10-18 18:47:34	maxspeed	40mph	maxspeed	40 mph			Suchausdruck nicht gefunden. Nichts weiter zu tun	
2010-10-18 18:47:35	maxspeed	50mph	maxspeed	50 mph			Suchausdruck nicht gefunden. Nichts weiter zu tun	
2010-10-18 18:47:36	maxspeed	60mph	maxspeed	60 mph			Suchausdruck nicht gefunden. Nichts weiter zu tun	
2010-10-18 18:47:37	max_speed	.*	maxspeed	*			Suchausdruck nicht gefunden. Nichts weiter zu tun	
2010-10-18 18:47:38	name: en	.*	name:en	*			Suchausdruck nicht gefunden. Nichts weiter zu tun	
2010-10-18 18:47:39	name	Hypovereinsbank	name	HypoVereinsbank	2	ate you	
2010-10-18 18:47:41	name	HypovereinsBank	name	HypoVereinsbank			Suchausdruck nicht gefunden. Nichts weiter zu tun	
2010-10-18 18:47:42	name	Hypo Vereinsbank	name	HypoVereinsbank			Suchausdruck nicht gefunden. Nichts weiter zu tun	
2010-10-18 18:47:43	name	Hypo-Vereinsbank	name	HypoVereinsbank			Suchausdruck nicht gefunden. Nichts weiter zu tun	
2010-10-18 18:47:45	name 	.*	name	*			Suchausdruck nicht gefunden. Nichts weiter zu tun	
2010-10-18 18:47:46	operator	Hypovereinsbank	operator	HypoVereinsbank			Suchausdruck nicht gefunden. Nichts weiter zu tun	
2010-10-18 18:47:47	operator	HypovereinsBank	operator	HypoVereinsbank			Suchausdruck nicht gefunden. Nichts weiter zu tun	
2010-10-18 18:47:48	operator	Hypo Vereinsbank	operator	HypoVereinsbank			Suchausdruck nicht gefunden. Nichts weiter zu tun	
2010-10-18 18:47:49	operator	Hypo-Vereinsbank	operator	HypoVereinsbank			Suchausdruck nicht gefunden. Nichts weiter zu tun	
2010-10-18 18:47:50	operator	McDonald	operator	McDonald's			Suchausdruck nicht gefunden. Nichts weiter zu tun	
2010-10-18 18:47:51	operator	McDonalds	operator	McDonald's			Suchausdruck nicht gefunden. Nichts weiter zu tun	
2010-10-18 18:47:52	Operator	.*	operator	*			Suchausdruck nicht gefunden. Nichts weiter zu tun	
2010-10-18 18:47:53	real_ale	Yes	real_ale	Yes	2	ate you	Nothig to change/changing didn't worked out.	Nothig to change/changing didn't worked out.	
2010-10-18 18:47:55	sex	Both	sex	unisex			Suchausdruck nicht gefunden. Nichts weiter zu tun	
2010-10-18 18:47:57	sex	Female	sex	female			Suchausdruck nicht gefunden. Nichts weiter zu tun	
2010-10-18 18:47:58	sex	Male	sex	male			Suchausdruck nicht gefunden. Nichts weiter zu tun	
2010-10-18 18:47:59	sex	man	sex	male			Suchausdruck nicht gefunden. Nichts weiter zu tun	
2010-10-18 18:48:00	sex	women	sex	female			Suchausdruck nicht gefunden. Nichts weiter zu tun	
2010-10-18 18:48:01	shop	animals	shop	pet			Suchausdruck nicht gefunden. Nichts weiter zu tun	
2010-10-18 18:48:02	shop	book	shop	books	4	ate you	
2010-10-18 18:48:06	shop	car_dealer	shop	car	
2010-10-18 19:14:38	addr:city	Frankfurt am Main - Germany	addr:city	Frankfurt			Suchausdruck nicht gefunden. Nichts weiter zu tun	
2010-10-18 19:14:40	addr:city	Muenchen	addr:city	München			Suchausdruck nicht gefunden. Nichts weiter zu tun	
2010-10-18 19:14:41	addr:city	münchen	addr:city	München			Suchausdruck nicht gefunden. Nichts weiter zu tun	
2010-10-18 19:14:42	addr:city	Munchen	addr:city	München			Suchausdruck nicht gefunden. Nichts weiter zu tun	
2010-10-18 19:14:43	addr:city	munich	addr:city	München			Suchausdruck nicht gefunden. Nichts weiter zu tun	
2010-10-18 19:14:44	addr:city	Munich	addr:city	München			Suchausdruck nicht gefunden. Nichts weiter zu tun	
2010-10-18 19:14:46	addr:country	de	addr:country	DE			Suchausdruck nicht gefunden. Nichts weiter zu tun	
2010-10-18 19:14:47	addr:country	deutschland	addr:country	DE			Suchausdruck nicht gefunden. Nichts weiter zu tun	
2010-10-18 19:14:48	addr:country	Deutschland	addr:country	DE			Suchausdruck nicht gefunden. Nichts weiter zu tun	
2010-10-18 19:14:49	addr:country	Germany	addr:country	DE			Suchausdruck nicht gefunden. Nichts weiter zu tun	
2010-10-18 19:14:50	addr:interpolation	uneven	addr:interpolation	odd			Suchausdruck nicht gefunden. Nichts weiter zu tun	
2010-10-18 19:14:51	amanety	.*	amenity	*			Suchausdruck nicht gefunden. Nichts weiter zu tun	
2010-10-18 19:14:52	amanity	.*	amenity	*			Suchausdruck nicht gefunden. Nichts weiter zu tun	
2010-10-18 19:14:53	Amenity	.*	amenity	*			Suchausdruck nicht gefunden. Nichts weiter zu tun	
2010-10-18 19:14:54	amenity	barbecue	amenity	bbq			Suchausdruck nicht gefunden. Nichts weiter zu tun	
2010-10-18 19:14:55	amenity	barbeque	amenity	bbq			Suchausdruck nicht gefunden. Nichts weiter zu tun	
2010-10-18 19:14:56	amenity	church hall	amenity	church_hall			Suchausdruck nicht gefunden. Nichts weiter zu tun	
2010-10-18 19:14:57	amenity	grave yard	amenity	grave_yard			Suchausdruck nicht gefunden. Nichts weiter zu tun	
2010-10-18 19:14:58	amenity	grave-yard	amenity	grave_yard			Suchausdruck nicht gefunden. Nichts weiter zu tun	
2010-10-18 19:14:59	amenity	graveyard	amenity	grave_yard	1	6084381	
2010-10-18 19:15:02	amenity	hotel	tourism	hotel	1	6084382	
2010-10-18 19:15:04	amenity	Hotel	tourism	hotel			Suchausdruck nicht gefunden. Nichts weiter zu tun	
2010-10-18 19:15:05	amenity	Kindergarten	amenity	kindergarten	2	6084384	
2010-10-18 19:15:08	amenity	motel	tourism	motel			Suchausdruck nicht gefunden. Nichts weiter zu tun	
2010-10-18 19:15:09	amenity	nursing home	amenity	nursing_home			Suchausdruck nicht gefunden. Nichts weiter zu tun	
2010-10-18 19:15:10	amenity	place_of_worhship	amenity	place_of_worship			Suchausdruck nicht gefunden. Nichts weiter zu tun	
2010-10-18 19:15:11	amenity	place _of_worship	amenity	place_of_worship			Suchausdruck nicht gefunden. Nichts weiter zu tun	
2010-10-18 19:15:13	amenity	place_of _worship	amenity	place_of_worship			Suchausdruck nicht gefunden. Nichts weiter zu tun	
2010-10-18 19:15:14	amenity	postbox	amenity	post_box			Suchausdruck nicht gefunden. Nichts weiter zu tun	
2010-10-18 19:15:15	amenity	supermarket	shop	supermarket	12	6084386	
2010-10-18 19:15:22	bicycles	.*	bicycle	*			Suchausdruck nicht gefunden. Nichts weiter zu tun	
2010-10-18 19:15:23	bicylce	.*	bicycle	*			Suchausdruck nicht gefunden. Nichts weiter zu tun	
2010-10-18 19:15:24	bicyle	.*	bicycle	*			Suchausdruck nicht gefunden. Nichts weiter zu tun	
2010-10-18 19:15:25	brewery	Augustiner Bräu	brewery	Augustiner			Suchausdruck nicht gefunden. Nichts weiter zu tun	
2010-10-18 19:15:26	brewery	Augustiner-Bräu	brewery	Augustiner			Suchausdruck nicht gefunden. Nichts weiter zu tun	
2010-10-18 19:15:28	maxspeed	20mph	maxspeed	20 mph			Suchausdruck nicht gefunden. Nichts weiter zu tun	
2010-10-18 19:15:29	maxspeed	30mph	maxspeed	30 mph			Suchausdruck nicht gefunden. Nichts weiter zu tun	
2010-10-18 19:15:31	maxspeed	40mph	maxspeed	40 mph			Suchausdruck nicht gefunden. Nichts weiter zu tun	
2010-10-18 19:15:32	maxspeed	50mph	maxspeed	50 mph			Suchausdruck nicht gefunden. Nichts weiter zu tun	
2010-10-18 19:15:33	maxspeed	60mph	maxspeed	60 mph			Suchausdruck nicht gefunden. Nichts weiter zu tun	
2010-10-18 19:15:34	max_speed	.*	maxspeed	*			Suchausdruck nicht gefunden. Nichts weiter zu tun	
2010-10-18 19:15:35	name: en	.*	name:en	*			Suchausdruck nicht gefunden. Nichts weiter zu tun	
2010-10-18 19:15:36	name	Hypovereinsbank	name	HypoVereinsbank	2	6084391	
2010-10-18 19:15:40	name	HypovereinsBank	name	HypoVereinsbank			Suchausdruck nicht gefunden. Nichts weiter zu tun	
2010-10-18 19:15:41	name	Hypo Vereinsbank	name	HypoVereinsbank			Suchausdruck nicht gefunden. Nichts weiter zu tun	
2010-10-18 19:15:43	name	Hypo-Vereinsbank	name	HypoVereinsbank			Suchausdruck nicht gefunden. Nichts weiter zu tun	
2010-10-18 19:15:44	name 	.*	name	*			Suchausdruck nicht gefunden. Nichts weiter zu tun	
2010-10-18 19:15:45	operator	Hypovereinsbank	operator	HypoVereinsbank			Suchausdruck nicht gefunden. Nichts weiter zu tun	
2010-10-18 19:15:46	operator	HypovereinsBank	operator	HypoVereinsbank			Suchausdruck nicht gefunden. Nichts weiter zu tun	
2010-10-18 19:15:47	operator	Hypo Vereinsbank	operator	HypoVereinsbank			Suchausdruck nicht gefunden. Nichts weiter zu tun	
2010-10-18 19:15:49	operator	Hypo-Vereinsbank	operator	HypoVereinsbank			Suchausdruck nicht gefunden. Nichts weiter zu tun	
2010-10-18 19:15:50	operator	McDonald	operator	McDonald's			Suchausdruck nicht gefunden. Nichts weiter zu tun	
2010-10-18 19:15:51	operator	McDonalds	operator	McDonald's			Suchausdruck nicht gefunden. Nichts weiter zu tun	
2010-10-18 19:15:52	Operator	.*	operator	*			Suchausdruck nicht gefunden. Nichts weiter zu tun	
2010-10-18 19:15:53	real_ale	Yes	real_ale	Yes	2	6084397	Nothig to change/changing didn't worked out.	Nothig to change/changing didn't worked out.	
2010-10-18 19:15:56	sex	Both	sex	unisex			Suchausdruck nicht gefunden. Nichts weiter zu tun	
2010-10-18 19:15:57	sex	Female	sex	female			Suchausdruck nicht gefunden. Nichts weiter zu tun	
2010-10-18 19:15:58	sex	Male	sex	male			Suchausdruck nicht gefunden. Nichts weiter zu tun	
2010-10-18 19:15:59	sex	man	sex	male			Suchausdruck nicht gefunden. Nichts weiter zu tun	
2010-10-18 19:16:01	sex	women	sex	female			Suchausdruck nicht gefunden. Nichts weiter zu tun	
2010-10-18 19:16:02	shop	animals	shop	pet			Suchausdruck nicht gefunden. Nichts weiter zu tun	
2010-10-18 19:16:03	shop	book	shop	books	4	6084399	
2010-10-18 19:16:08	shop	car_dealer	shop	car	3	6084401	
2010-10-18 19:16:12	shop	carpets	shop	carpet			Suchausdruck nicht gefunden. Nichts weiter zu tun	
2010-10-18 19:16:14	shop	cars	shop	car			Suchausdruck nicht gefunden. Nichts weiter zu tun	
2010-10-18 19:16:15	shop	cell_phones	shop	mobile_phone			Suchausdruck nicht gefunden. Nichts weiter zu tun	
2010-10-18 19:16:16	shop	clothing	shop	clothes			Suchausdruck nicht gefunden. Nichts weiter zu tun	
2010-10-18 19:16:18	shop	delicatessen	shop	deli			Suchausdruck nicht gefunden. Nichts weiter zu tun	
2010-10-18 19:16:19	shop	flowers	shop	florist			Suchausdruck nicht gefunden. Nichts weiter zu tun	
2010-10-18 19:16:20	shop	garden	shop	garden_centre 			Suchausdruck nicht gefunden. Nichts weiter zu tun	
2010-10-18 19:16:23	shop	gifts	shop	gift	3	6084405	
2010-10-18 19:16:30	shop	mobile	shop	mobile_phone			Suchausdruck nicht gefunden. Nichts weiter zu tun	
2010-10-18 19:16:33	shop	motorbike	shop	motorcycle			Suchausdruck nicht gefunden. Nichts weiter zu tun	
2010-10-18 19:16:35	shop	pets	shop	pet	1	6084409	
2010-10-18 19:16:37	shop	sex	shop	erotic			Suchausdruck nicht gefunden. Nichts weiter zu tun	
2010-10-18 19:16:39	shop	shopping center	shop	mall			Suchausdruck nicht gefunden. Nichts weiter zu tun	
2010-10-18 19:16:40	shop	shopping_center	shop	mall			Suchausdruck nicht gefunden. Nichts weiter zu tun	